log_id,task_title,bullet_text,log_date,task_links,screenshot_b64
1,Email Campaign update,Fathers day 2 Campaign updated,2026-06-02,,
2,Anna's google sheet update,All metrics updated for May on Anna's sheet,2026-06-02,,
3,Summer Campaign update,Updated summer campaign in klaviyo,2026-06-02,,
4,Write ad copy for the various new campaigns we have going out soon.,"Total of 36 Variation created 

3 for straightforward promotional

3 for question-led or curiosity-led

3 for slightly more playful or emotional

For each outgoing campaing",2026-06-03,,
